,title,date,link,image,categorie
post-146023,Le dark social ou la face cachée des réseaux sociaux,2023-11-21,https://www.blogdumoderateur.com/dark-social-tout-savoir/,https://f.hellowork.com/blogdumoderateur/2023/10/dark-social-smartphone-276x144.jpg,Tendances
post-146098,Comment télécharger toutes vos photos Facebook et Instagram en une seule fois,2023-11-11,https://www.blogdumoderateur.com/comment-telecharger-photos-facebook-instagram/,https://f.hellowork.com/blogdumoderateur/2023/10/meta-facebook-instagram-telecharger-photos-276x144.jpg,Meta
post-146105,"Instagram et Facebook : la fin des publicités avec un abonnement à 9,99 € par mois",2023-10-30,https://www.blogdumoderateur.com/instagram-facebook-fin-publicites-abonnement/,https://f.hellowork.com/blogdumoderateur/2023/10/instgram-facebook-abonnement-sans-publicites-276x144.jpg,Meta
post-145459,"Google Chrome : la nouvelle interface est disponible, comment l’activer",2023-10-20,https://www.blogdumoderateur.com/google-chrome-nouvelle-interface-disponible-comment-activer/,https://f.hellowork.com/blogdumoderateur/2023/10/chrome-nouvelle-apparence-276x144.jpg,Navigateurs
post-145342,"Après Instagram, les canaux de diffusion arrivent sur Facebook et Messenger",2023-10-19,https://www.blogdumoderateur.com/apres-instagram-canaux-diffusion-arrivent-facebook-messenger/,https://f.hellowork.com/blogdumoderateur/2023/10/Facebook-canaux-de-diffusion-276x144.jpg,Facebook
post-143881,Facebook : comment créer plusieurs profils avec un même compte,2023-10-09,https://www.blogdumoderateur.com/facebook-comment-creer-plusieurs-profils-meme-compte/,https://f.hellowork.com/blogdumoderateur/2022/07/generique-facebook-276x144.jpg,Facebook
post-143832,"Les chatbots IA arrivent sur Instagram, Facebook et WhatsApp : ce qu’il faut savoir",2023-09-28,https://www.blogdumoderateur.com/chatbots-ia-arrivent-sur-instagram-facebook-whatsapp/,https://f.hellowork.com/blogdumoderateur/2023/09/meta-chatbot-whatsapp-instagram-messebfer-276x144.jpg,Meta
post-143229,"2Emotion lance la Ruby Edition, une nouvelle interface d’édition vidéo dédiée aux entreprises",2023-09-21,https://www.blogdumoderateur.com/2emotion-lance-ruby-edition/,https://f.hellowork.com/blogdumoderateur/2023/09/2emotion-bdm-276x144.jpg,Vidéo
post-142415,Adobe Firefly : une nouvelle interface web et une version dédiée aux entreprises,2023-09-13,https://www.blogdumoderateur.com/firefly-nouvelle-interface-web-version-entreprise/,https://f.hellowork.com/blogdumoderateur/2023/09/Firefly-Collage-276x144.jpg,IA
post-141032,Le dark web : quelle est cette « face cachée » d’Internet ?,2023-09-08,https://www.blogdumoderateur.com/dark-web-face-cachee-internet/,https://f.hellowork.com/blogdumoderateur/2023/08/dark-web-definition-276x144.jpg,Culture web
post-141886,Facebook News va disparaître en France : pour quelles raisons ?,2023-09-06,https://www.blogdumoderateur.com/facebook-news-disparaitre-france/,https://f.hellowork.com/blogdumoderateur/2023/09/Facebook-Actualites-276x144.jpg,Facebook
post-141654,Meta : bientôt un abonnement sans publicité pour Facebook et Instagram ?,2023-09-04,https://www.blogdumoderateur.com/meta-abonnement-sans-publicite-facebook-instagram/,https://f.hellowork.com/blogdumoderateur/2023/09/Meta-facebook-instagram-sans-pub-europe-276x144.jpg,Meta
post-138232,"Comment avoir un compte certifié sur Instagram, TikTok, X, Facebook ou Snapchat",2023-08-10,https://www.blogdumoderateur.com/badge-verifie-reseaux-sociaux/,https://f.hellowork.com/blogdumoderateur/2023/07/reseaux-sociaux-certification-276x144.jpg,Community management
post-139984,"Slack transforme son interface : nouvel affichage, fonctionnalités, tout savoir",2023-08-09,https://www.blogdumoderateur.com/slack-transforme-interface-nouvel-affichage-fonctionnalites-tout-savoir/,https://f.hellowork.com/blogdumoderateur/2023/08/Slack-nouvelle-interface-276x144.jpg,Productivité
post-139607,"Meta : bientôt des chatbots IA sur Instagram, Facebook et WhatsApp ?",2023-08-02,https://www.blogdumoderateur.com/meta-bientot-chatbots-ia-instagram-facebook-whatsapp/,https://f.hellowork.com/blogdumoderateur/2023/08/meta-ia-chatbot-276x144.jpg,Meta
post-139167,Facebook passe le cap des 3 milliards d’utilisateurs actifs dans le monde,2023-07-27,https://www.blogdumoderateur.com/facebook-cap-3-milliards-utilisateurs/,https://f.hellowork.com/blogdumoderateur/2023/07/facebook-cap-3-milliards-utilisateurs-276x144.jpg,Facebook
post-138494,Facebook se focalise sur la vidéo et repense l’onglet Watch : ce qui change,2023-07-18,https://www.blogdumoderateur.com/facebook-focalise-video-repense-onglet-watch/,https://f.hellowork.com/blogdumoderateur/2023/07/facebook-video-interface-276x144.jpg,Facebook
post-138169,Meta Verified : tout savoir sur le badge vérifié sur Instagram et Facebook,2023-07-12,https://www.blogdumoderateur.com/meta-verified-tout-savoir-badge-instagram-facebook/,https://f.hellowork.com/blogdumoderateur/2023/07/meta-verified-facebook-instagram-1-276x144.jpg,Meta
post-137786,Les entreprises françaises face au digital : le baromètre 2023,2023-07-07,https://www.blogdumoderateur.com/entreprises-francaises-digital-barometre-2023/,https://f.hellowork.com/blogdumoderateur/2023/07/barometre-croissance-digital-acsel-276x144.jpg,Étude
post-136399,"Comment accéder à ses statistiques sur Instagram, Facebook, LinkedIn, TikTok, YouTube et Twitter",2023-07-05,https://www.blogdumoderateur.com/comment-acceder-statistiques-reseaux-sociaux/,https://f.hellowork.com/blogdumoderateur/2023/06/Analytics-Social-Networks-276x144.jpg,Community management
post-131881,"Tout savoir sur les algorithmes de TikTok, Instagram, LinkedIn, YouTube, Twitter et Facebook",2023-05-30,https://www.blogdumoderateur.com/tout-savoir-sur-algorithmes-reseaux-sociaux/,https://f.hellowork.com/blogdumoderateur/2023/04/Algorithme-reseaux-sociaux-276x144.jpg,Instagram
post-134248,Comment protéger son site web face aux attaques DDoS : conseils et outils,2023-05-25,https://www.blogdumoderateur.com/comment-proteger-site-web-attaques-ddos-conseils-outils/,https://f.hellowork.com/blogdumoderateur/2023/05/proteger-son-site-attaques-ddos-276x144.jpg,Cybersécurité
post-133405,Meta dévoile AI Sandbox : un outil de publicité assisté par IA pour Instagram et Facebook,2023-05-12,https://www.blogdumoderateur.com/meta-devoile-ia-sandbox-outil-publicite-assiste-instagram-facebook/,https://f.hellowork.com/blogdumoderateur/2023/05/Fonctionnalites-IA-Sandbox-276x144.jpg,Meta
post-130273,Dépréciation des données : pourquoi c’est important et comment y faire face ?,2023-04-24,https://www.blogdumoderateur.com/depreciation-donnees-comment-y-faire-face/,https://f.hellowork.com/blogdumoderateur/2023/04/Qualifio-Depreciation-Donnees-276x144.jpg,Données personnelles
post-130556,Comment utiliser Messenger sans compte Facebook,2023-04-14,https://www.blogdumoderateur.com/comment-utiliser-messenger-sans-facebook/,https://f.hellowork.com/blogdumoderateur/2023/04/utiliser-messenger-sans-facebook-276x144.jpg,Facebook
post-129978,RGPD : un nouveau formulaire pour refuser le tracking sur Instagram et Facebook,2023-03-31,https://www.blogdumoderateur.com/rgpd-nouveau-formulaire-refuser-tracking-instagram-facebook/,https://f.hellowork.com/blogdumoderateur/2023/03/Meta-RGPD-Europe-276x144.jpg,RGPD
post-128230,Facebook : le grand retour de Messenger dans l’application principale,2023-03-08,https://www.blogdumoderateur.com/facebook-grand-retour-messenger-application-principale/,https://f.hellowork.com/blogdumoderateur/2023/03/facebook-retour-messenger-2023-276x144.jpg,Facebook
post-127712,Webinar : 5 conseils pour optimiser vos campagnes DPA Facebook Ads,2023-03-07,https://www.blogdumoderateur.com/webinar-kampn-5-conseils-optimiser-campagnes-dpa-facebook-ads/,https://f.hellowork.com/blogdumoderateur/2023/03/kampn-webinar-276x144.jpg,Social Ads
post-127293,7 bonnes pratiques pour gérer un groupe Facebook,2023-02-23,https://www.blogdumoderateur.com/gerer-groupe-facebook-bonnes-pratiques/,https://f.hellowork.com/blogdumoderateur/2023/02/gerer-groupe-facebook-276x144.jpg,Facebook
post-127048,"Meta lance un badge vérifié payant pour Instagram et Facebook : accès, prix, tout savoir",2023-02-20,https://www.blogdumoderateur.com/meta-lance-badge-verifie-payant-instagram-facebook/,https://f.hellowork.com/blogdumoderateur/2023/02/meta-verified-lancement-badge-payant-276x144.jpg,Meta
post-124926,"Pickaw : créer et gérer vos concours sur Instagram, Facebook, Twitter et YouTube",2023-01-23,https://www.blogdumoderateur.com/pickaw-creer-concours-instagram/,https://f.hellowork.com/blogdumoderateur/2023/01/pickaw-bdm-276x144.jpg,Community management
post-124978,Wikipédia améliore enfin son interface : quelles nouveautés ?,2023-01-19,https://www.blogdumoderateur.com/wikipedia-ameliore-interface-nouveautes/,https://f.hellowork.com/blogdumoderateur/2023/01/interface-wikipedia-nouveaute-276x144.jpg,Culture web
post-118123,"Facebook chute, Instagram résiste et TikTok perce auprès des marques : notre bilan de l’année 2022",2022-11-23,https://www.blogdumoderateur.com/reseaux-sociaux-bilan-2022/,https://f.hellowork.com/blogdumoderateur/2022/11/cm-2022-facebook-tiktok-insta-276x144.jpg,Community management
post-117338,Gmail : comment personnaliser la nouvelle interface,2022-11-09,https://www.blogdumoderateur.com/gmail-comment-personnaliser-nouvelle-interface/,https://f.hellowork.com/blogdumoderateur/2022/11/gmail-nouvelle-interface-tous-utilisateurs-276x144.jpg,Google
post-116668,Facebook lance le mode professionnel : comment l’activer sur son profil,2022-11-03,https://www.blogdumoderateur.com/facebook-lance-mode-professionnel-profil/,https://f.hellowork.com/blogdumoderateur/2022/11/activer-mode-professionnel-facebook-profil-personnel-276x144.jpg,Facebook
post-116435,Instagram lance une nouvelle interface sur PC : ce qui change,2022-11-02,https://www.blogdumoderateur.com/instagram-nouvelle-interface-pc/,https://f.hellowork.com/blogdumoderateur/2022/11/instagram-nouvelle-interface-276x144.jpg,Instagram
post-113759,Créer un groupe Facebook : le guide complet,2022-11-02,https://www.blogdumoderateur.com/creer-groupe-facebook-guide/,https://f.hellowork.com/blogdumoderateur/2022/07/generique-facebook-276x144.jpg,Facebook
post-115427,"Guide : le format des vidéos sur Facebook, Instagram, TikTok, YouTube, LinkedIn…",2022-10-27,https://www.blogdumoderateur.com/guide-format-videos-reseaux-sociaux/,https://f.hellowork.com/blogdumoderateur/2022/10/guide-formats-videos-reseaux-sociaux-276x144.jpg,Vidéo
post-115352,"9 nouveautés pour les groupes Facebook : partage de Reels, récompenses, modération, fake news…",2022-10-21,https://www.blogdumoderateur.com/nouveautes-groupes-facebook-reels-recompenses-moderation-fake-news/,https://f.hellowork.com/blogdumoderateur/2022/10/facebook-nouveautes-groupes-octobre-2022-1-276x144.jpg,Facebook
post-112285,Comment créer une page Facebook : le guide complet,2022-10-10,https://www.blogdumoderateur.com/comment-creer-page-facebook/,https://f.hellowork.com/blogdumoderateur/2022/07/generique-facebook-276x144.jpg,Facebook
post-113489,"Social commerce : 5 conseils pour se lancer efficacement sur Instagram, Facebook, TikTok…",2022-10-07,https://www.blogdumoderateur.com/social-commerce-5-conseils-se-lancer-efficacement-instagram-facebook-tiktok-snapchat/,https://f.hellowork.com/blogdumoderateur/2022/09/guide-meltwater-social-commerce-276x144.jpg,E-commerce
post-113941,Facebook : comment reprendre le contrôle de votre fil d’actualité,2022-10-06,https://www.blogdumoderateur.com/facebook-comment-reprendre-controle-fil-actualite/,https://f.hellowork.com/blogdumoderateur/2022/07/generique-facebook-276x144.jpg,Facebook
post-113799,"Facebook met fin à son service de newsletter, seulement 1 an après son lancement",2022-10-05,https://www.blogdumoderateur.com/facebook-fin-service-newsletter/,https://f.hellowork.com/blogdumoderateur/2022/10/facebook-ferme-bulletin-service-newsletters-276x144.jpg,Facebook
post-113018,Meta permet de basculer entre ses profils Facebook et Instagram plus facilement,2022-09-27,https://www.blogdumoderateur.com/meta-permet-basculer-entre-comptes-instagram-facebook/,https://f.hellowork.com/blogdumoderateur/2022/09/switch-comptes-facebook-instagram-276x144.jpg,Facebook
post-112040,Facebook lance les discussions communautaires : comment ça marche,2022-09-14,https://www.blogdumoderateur.com/facebook-lance-discussions-communautaires/,https://f.hellowork.com/blogdumoderateur/2022/09/facebook-messenger-nouveaute-communautes-276x144.jpg,Facebook
post-111035,Comment changer son nom sur Facebook,2022-09-06,https://www.blogdumoderateur.com/comment-changer-nom-facebook/,https://f.hellowork.com/blogdumoderateur/2022/07/generique-facebook-276x144.jpg,Facebook
post-111137,Étude : la Gen Z reste active sur Facebook mais passe plus de temps sur Instagram et TikTok,2022-09-01,https://www.blogdumoderateur.com/etude-gen-z-active-facebook-plus-temps-instagram-tiktok/,https://f.hellowork.com/blogdumoderateur/2022/09/data-ai-top-apps-gen-Z-mau-june-2022-276x144.jpg,Étude
post-110449,Bug du fil d’actualité Facebook : que se passe-t-il ?,2022-08-24,https://www.blogdumoderateur.com/bug-fil-actualite-facebook/,https://f.hellowork.com/blogdumoderateur/2022/08/facebook-bug-fil-actualite-2022-276x144.jpg,Facebook
post-109715,"Étude : 67 % des adolescents utilisent TikTok, seulement 32 % pour Facebook",2022-08-12,https://www.blogdumoderateur.com/etude-adolescents-utilisent-tiktok-facebook/,https://f.hellowork.com/blogdumoderateur/2022/08/etude-adolescents-reseaux-sociaux-technologies-276x144.jpg,Étude
post-109261,"Facebook met fin au live shopping, les marques encouragées à utiliser les Reels",2022-08-04,https://www.blogdumoderateur.com/facebook-fin-live-shopping-marques-encouragees-utiliser-reels/,https://f.hellowork.com/blogdumoderateur/2022/07/generique-facebook-276x144.jpg,Facebook
post-108845,La nouvelle interface de Gmail est disponible : comment l’activer,2022-07-28,https://www.blogdumoderateur.com/nouvelle-interface-gmail-disponible-comment-activer/,https://f.hellowork.com/blogdumoderateur/2022/07/gmail-nouvelle-interface-276x144.jpg,Google
post-108814,Facebook enregistre une baisse de son chiffre d’affaires pour la première fois de son histoire,2022-07-28,https://www.blogdumoderateur.com/facebook-enregistre-baisse-chiffre-affaires-premiere-fois/,https://f.hellowork.com/blogdumoderateur/2022/07/facebook-revenus-2e-trimestre-2022-276x144.jpg,Facebook
post-108314,Facebook lance un nouveau fil d’actualité réservé aux amis,2022-07-21,https://www.blogdumoderateur.com/facebook-nouveau-fil-actualite-amis/,https://f.hellowork.com/blogdumoderateur/2022/07/nouveau-fil-actualite-facebook-feeds-276x144.jpg,Facebook
post-107913,Jusqu’à 5 profils par compte Facebook : ce qu’il faut savoir,2022-07-18,https://www.blogdumoderateur.com/facebook-5-profils-compte/,https://f.hellowork.com/blogdumoderateur/2022/07/facebook-test-plusieurs-profils-276x144.jpeg,Facebook
post-106691,"Comment désactiver l’algorithme des réseaux sociaux : Facebook, Instagram, Twitter",2022-07-08,https://www.blogdumoderateur.com/comment-desactiver-algorithme-reseaux-sociaux/,https://f.hellowork.com/blogdumoderateur/2022/06/desactiver-algorithme-reseaux-sociaux-276x144.jpg,Instagram
post-106826,Groupes Facebook : des nouveautés pour organiser ses favoris et créer des canaux de discussion,2022-06-29,https://www.blogdumoderateur.com/groupes-facebook-nouveautes-organiser-favoris-creer-canaux-discussion/,https://f.hellowork.com/blogdumoderateur/2022/06/groupes-facebook-nouvelle-barre-laterale-organisation-276x144.jpg,Facebook
post-106449,6 nouveautés pour monétiser le contenu des créateurs d’Instagram et de Facebook,2022-06-22,https://www.blogdumoderateur.com/nouveautes-monetisation-createurs-instagram-facebook/,https://f.hellowork.com/blogdumoderateur/2022/06/instagram-creator-marketplace-276x144.jpg,Facebook
post-104923,"Marché des moteurs de recherche : Ecosia, un challenger face aux géants de la tech",2022-06-13,https://www.blogdumoderateur.com/moteurs-recherche-ecosia-challenger/,https://f.hellowork.com/blogdumoderateur/2022/06/ecosia-homepage-276x144.jpg,Moteurs de recherche
post-105633,Cybersécurité : comment les entreprises françaises font face à la hausse des attaques,2022-06-10,https://www.blogdumoderateur.com/etude-cybersecurite-entreprises-francaises-hausse-attaques/,https://f.hellowork.com/blogdumoderateur/2022/06/cybersecurite-enjeu-majeur-supply-chain-276x144.jpg,Étude
post-105654,Instagram : comment reprendre le contrôle de son fil d’actualité face à l’algorithme,2022-06-09,https://www.blogdumoderateur.com/instagram-comment-reprendre-controle-fil-actualite/,https://f.hellowork.com/blogdumoderateur/2022/06/instagram-controle-fil-actualite-276x144.jpg,Instagram
post-105319,Facebook et Instagram améliorent les Reels avec de nouvelles fonctionnalités,2022-06-03,https://www.blogdumoderateur.com/facebook-instagram-ameliorent-reels-nouvelles-fonctionnalites/,https://f.hellowork.com/blogdumoderateur/2022/06/nouveautes-instagram-reels-276x144.jpg,Instagram
post-104966,"Nouvelle politique de confidentialité Facebook, Instagram et Messenger : ce qu’il faut savoir",2022-05-27,https://www.blogdumoderateur.com/politique-confidentialite-facebook-instagram-messenger-juillet-2022/,https://f.hellowork.com/blogdumoderateur/2022/05/facebook-privacy-276x144.jpg,Données personnelles
post-104584,Meta facilite l’envoi de notifications aux clients sur Facebook Messenger : ce qu’il faut savoir,2022-05-23,https://www.blogdumoderateur.com/meta-facilite-envoi-notifications-clients-facebook-messenger/,https://f.hellowork.com/blogdumoderateur/2022/05/meta-facebook-messenger-notifications-recurrentes-276x144.jpg,Facebook
post-103644,"Comment les Français utilisent Facebook, Instagram et WhatsApp",2022-05-11,https://www.blogdumoderateur.com/comment-les-francais-utilisent-facebook-instagram-whatsapp/,https://f.hellowork.com/blogdumoderateur/2022/05/meta-applications-usages-francais-2022-276x144.jpg,Étude
post-102786,Facebook abandonne les podcasts et ses fonctionnalités audios,2022-05-03,https://www.blogdumoderateur.com/facebook-abandonne-podcasts-fonctionnalites-audio/,https://f.hellowork.com/blogdumoderateur/2022/05/facebook-fin-des-podcasts-276x144.jpg,Facebook
post-101653,Groupe Facebook : 6 astuces pour agrandir sa communauté,2022-04-20,https://www.blogdumoderateur.com/groupe-facebook-astuces-agrandir-communaute/,https://f.hellowork.com/blogdumoderateur/2022/04/groupe-facebook-comment-agrandir-communaute-276x144.jpg,Facebook
post-101225,Évolution du ciblage Facebook : changements pour les annonceurs et stratégies à mettre en place,2022-04-12,https://www.blogdumoderateur.com/interview-evolution-ciblage-facebook/,https://f.hellowork.com/blogdumoderateur/2022/04/visuel-citation-laporte-276x144.jpg,Social Ads
post-100654,Facebook : des comptes désactivés sans raison pour certains utilisateurs,2022-04-04,https://www.blogdumoderateur.com/facebook-comptes-desactives-sans-raison/,https://f.hellowork.com/blogdumoderateur/2022/04/facebook-comptes-desactives-utilisateurs-276x144.jpg,Facebook
post-98507,Groupes Facebook : des nouveautés pour faciliter la modération et lutter contre la désinformation,2022-03-10,https://www.blogdumoderateur.com/groupes-facebook-nouveautes-faciliter-moderation-lutter-desinformation/,https://f.hellowork.com/blogdumoderateur/2022/03/Groupe-facebook-lutte-desinformation-276x144.jpg,Facebook
post-97564,"De Caramail à MSN, retour sur le web d’avant Facebook",2022-02-28,https://www.blogdumoderateur.com/caramail-msn-web-avant-facebook/,https://f.hellowork.com/blogdumoderateur/2022/02/Internet-des-annees-2000-avant-Facebook-276x144.jpeg,Facebook
post-97208,Webinar : l’importance des outils collaboratifs pour faire face au travail hybride,2022-02-24,https://www.blogdumoderateur.com/webinar-jamespot-importance-outils-collaboratifs/,https://f.hellowork.com/blogdumoderateur/2022/02/smartmockups_l02ja079-276x144.jpg,Productivité
post-97222,Les Reels arrivent sur Facebook : ce qu’il faut savoir,2022-02-22,https://www.blogdumoderateur.com/reels-arrivent-facebook/,https://f.hellowork.com/blogdumoderateur/2022/02/facebook-reels-276x144.jpg,Facebook
post-97111,Navigateurs web les plus utilisés : Safari peut perdre sa 2ème place face à Edge et Firefox,2022-02-22,https://www.blogdumoderateur.com/navigateurs-web-safari-edge-firefox/,https://f.hellowork.com/blogdumoderateur/2022/02/navigateurs-web-desktop-276x144.jpg,Navigateurs
post-96333,Facebook News est disponible en France : retrouvez toutes les actualités dans un nouvel onglet,2022-02-15,https://www.blogdumoderateur.com/facebook-news-disponible-france/,https://f.hellowork.com/blogdumoderateur/2022/02/facebook-news-france-276x144.jpg,Facebook
post-95918,Facebook Messenger allonge la durée des messages vocaux jusqu’à 30 minutes,2022-02-10,https://www.blogdumoderateur.com/facebook-messenger-messages-vocaux-30-minutes/,https://f.hellowork.com/blogdumoderateur/2022/02/facebook-messenger-message-vocal-276x144.jpg,Facebook
post-95142,Piratages de comptes publicitaires Facebook : témoignages et conseils de l’agence OTTA,2022-02-10,https://www.blogdumoderateur.com/piratages-comptes-publicitaires-facebook-otta/,https://f.hellowork.com/blogdumoderateur/2022/02/facebook-piratage-276x144.jpg,Facebook
post-95756,Facebook et Instagram ne fermeront pas en Europe : Meta s’explique,2022-02-09,https://www.blogdumoderateur.com/facebook-instagram-fermeront-pas-europe-meta-explique/,https://f.hellowork.com/blogdumoderateur/2022/02/meta-facebook-europe-276x144.jpg,Facebook
post-95372,Facebook perd des utilisateurs pour la première fois et chute de 20 % en bourse,2022-02-03,https://www.blogdumoderateur.com/facebook-perd-utilisateurs-chute-bourse/,https://f.hellowork.com/blogdumoderateur/2022/02/facebook-perd-utilisateurs-actifs-276x144.jpg,Facebook
post-95113,"Gmail : découvrez la nouvelle interface avec Google Chat, Meet, Spaces…",2022-02-01,https://www.blogdumoderateur.com/gmail-decouvrez-nouvelle-interface-google-chat-meet-spaces/,https://f.hellowork.com/blogdumoderateur/2022/02/google-gmail-nouvelle-interface-276x144.jpg,Google
post-94372,Comment programmer des stories Instagram et Facebook sans utiliser d’outil payant,2022-01-31,https://www.blogdumoderateur.com/comment-programmer-stories-instagram-facebook-sans-outil-payant/,https://f.hellowork.com/blogdumoderateur/2021/03/Facebook-stories-publicitaires-e1615541916540-276x144.jpeg,Instagram
post-93094,Comment associer ou dissocier votre compte Instagram et votre profil Facebook,2022-01-24,https://www.blogdumoderateur.com/comment-associer-dissocier-compte-instagram-profil-facebook/,https://f.hellowork.com/blogdumoderateur/2022/01/comment-associer-dissocier-comptes-instagram-facebook-276x144.jpg,Instagram
post-92953,"Comment repérer les faux comptes et les bots sur Facebook, Instagram et Twitter",2022-01-21,https://www.blogdumoderateur.com/comment-reperer-faux-comptes-bots-facebook-instagram-twitter/,https://f.hellowork.com/blogdumoderateur/2022/01/faux-comptes-bots-reseaux-sociaux-276x144.jpg,Cybersécurité
post-93452,Comment utiliser FaceTime sur Android et Windows,2022-01-21,https://www.blogdumoderateur.com/comment-utiliser-facetime-android-windows/,https://f.hellowork.com/blogdumoderateur/2022/01/facetime-android-276x144.jpg,Apple
post-89831,UX/UI designer : des compétences multiples pour concevoir les interfaces numériques,2022-01-20,https://www.blogdumoderateur.com/ux-ui-designer-competences-multiples-concevoir-interfaces-numeriques/,https://f.hellowork.com/blogdumoderateur/2020/12/AdobeStock_77948753-1-1-276x144.jpeg,Formation
post-92420,Comment bloquer ou débloquer quelqu’un sur Facebook,2022-01-18,https://www.blogdumoderateur.com/facebook-comment-bloquer-debloquer-utilisateur/,https://f.hellowork.com/blogdumoderateur/2022/01/comment-bloquer-compte-facebook-276x144.jpg,Facebook
post-91987,Supprimer ou désactiver une page Facebook : les étapes à suivre,2022-01-14,https://www.blogdumoderateur.com/supprimer-desactiver-page-facebook-etapes/,https://f.hellowork.com/blogdumoderateur/2022/01/supprimer-desactiver-page-facebook-276x144.jpeg,Facebook
post-92708,"Étude : les moins de 35 ans préfèrent Instagram, les parents sont sur Facebook",2022-01-14,https://www.blogdumoderateur.com/etude-moins-35-ans-preferent-instagram-parents-facebook/,https://f.hellowork.com/blogdumoderateur/2022/01/etude-soprism-instagram-vs-facebook-276x144.jpg,Facebook
post-92543,Facebook accusé d’abus de position dominante : le procès aura bien lieu,2022-01-12,https://www.blogdumoderateur.com/facebook-accuse-abus-position-dominante-proces/,https://f.hellowork.com/blogdumoderateur/2020/08/mark-zuckerberg-facebook-276x144.jpg,Facebook
post-92354,Facebook met à jour son Privacy Center pour plus de transparence sur les données collectées,2022-01-10,https://www.blogdumoderateur.com/facebook-privacy-center-transparence-donnees-collectees/,https://f.hellowork.com/blogdumoderateur/2022/01/privacy-center-facebook-1-276x144.jpg,Facebook
post-92225,Cookies : Google et Facebook lourdement sanctionnés par la CNIL,2022-01-06,https://www.blogdumoderateur.com/google-facebook-lourdement-sanctionnes-cnil/,https://f.hellowork.com/blogdumoderateur/2022/01/cnil-amendes-google-facebook-276x144.jpg,Données personnelles
post-91719,Google Tasks : une interface simplifiée pour faciliter la gestion de vos listes de tâches,2021-12-31,https://www.blogdumoderateur.com/google-tasks-interface-simplifiee-faciliter-gestion-listes-taches/,https://f.hellowork.com/blogdumoderateur/2021/12/google-tasks-nouvelle-presentation-276x144.jpg,Google
post-91636,Comment supprimer ou désactiver son compte Facebook,2021-12-30,https://www.blogdumoderateur.com/comment-supprimer-desactiver-compte-facebook/,https://f.hellowork.com/blogdumoderateur/2021/12/facebook-supprimer-desactiver-compte-276x144.jpg,Facebook
post-91484,"Comment configurer des réponses automatiques sur LinkedIn, Facebook, Instagram, Twitter",2021-12-27,https://www.blogdumoderateur.com/configurer-reponses-automatiques-linkedin-facebook-instagram-twitter/,https://f.hellowork.com/blogdumoderateur/2021/12/messages-automatiques-reseaux-sociaux-276x144.jpg,LinkedIn
post-91234,"Comment changer de nom sur Instagram, Facebook, TikTok, Snapchat, YouTube, Twitter, LinkedIn, WhatsApp…",2021-12-23,https://www.blogdumoderateur.com/comment-changer-nom-instagram-facebook-tiktok-snapchat/,https://f.hellowork.com/blogdumoderateur/2021/12/comment-changer-nom-compte-facebook-instagram-tiktok-276x144.jpg,Instagram
post-91191,"Les offres d’emploi sur Facebook, c’est terminé",2021-12-21,https://www.blogdumoderateur.com/offres-emploi-facebook-termine/,https://f.hellowork.com/blogdumoderateur/2021/12/facebook-jobs-276x144.jpg,Facebook
post-91148,Facebook : les changements majeurs apportés au fil d’actualité en 2021,2021-12-21,https://www.blogdumoderateur.com/facebook-changements-fil-actualite-2021/,https://f.hellowork.com/blogdumoderateur/2021/12/facebook-fil-actualite-2021-276x144.jpg,Facebook
post-88899,Facebook Ads : 5 conseils pour optimiser ses campagnes,2021-12-20,https://www.blogdumoderateur.com/facebook-ads-5-etapes-optimiser-campagnes/,https://f.hellowork.com/blogdumoderateur/2021/11/facebook-ads-276x144.jpeg,Facebook
post-90754,Cybersécurité : une formation pour accompagner les entreprises face aux attaques informatiques,2021-12-14,https://www.blogdumoderateur.com/cybersecurite-formation-accompagner-entreprises-attaques-informatiques/,https://f.hellowork.com/blogdumoderateur/2021/12/formation-cesi-cybersecurite-bug-bounty-276x144.jpg,Formation
post-90599,"6 nouveautés Facebook Live : partage de lien, sondages, badges, premier rang…",2021-12-10,https://www.blogdumoderateur.com/nouveautes-facebook-live-partage-lien-sondages-badges-premier-rang/,https://f.hellowork.com/blogdumoderateur/2021/12/facebook-live-nouveautes-276x144.jpg,Facebook
post-90021,Facebook Protect : l’authentification à deux facteurs obligatoire pour certains utilisateurs,2021-12-03,https://www.blogdumoderateur.com/facebook-protect-authentification-deux-facteurs-obligatoire/,https://f.hellowork.com/blogdumoderateur/2021/12/facebook-protect-france-276x144.jpg,Facebook
post-89791,"Facebook reçoit l’ordre de revendre GIPHY, la célèbre plateforme de GIFs",2021-11-30,https://www.blogdumoderateur.com/facebook-recoit-ordre-revendre-giphy/,https://f.hellowork.com/blogdumoderateur/2021/11/facebook-doit-ceder-giphy-276x144.jpg,Facebook
post-89170,Facebook et Instagram : pourquoi le chiffrement de bout en bout est reporté à 2023,2021-11-22,https://www.blogdumoderateur.com/facebook-instagram-pourquoi-chiffrement-bout-en-bout-reporte-2023/,https://f.hellowork.com/blogdumoderateur/2021/11/facebook-instagram-chiffrement-bout-en-bout-2023-276x144.jpg,Facebook
post-89069,Fil d’actualité Facebook : plus de contrôle pour les utilisateurs et les marques,2021-11-19,https://www.blogdumoderateur.com/fil-actualite-facebook-plus-controle-utilisateurs-marques/,https://f.hellowork.com/blogdumoderateur/2021/09/facebook-like-276x144.jpg,Facebook
post-88725,"Facebook lance des nouveautés pour les groupes : boutiques en ligne, produits recommandés, live shopping…",2021-11-15,https://www.blogdumoderateur.com/facebook-lance-nouveautes-groupes-boutiques-en-ligne-produits-recommandes-live-shopping/,https://f.hellowork.com/blogdumoderateur/2021/11/facebook-shops-recommandations-produits-276x144.jpg,Facebook
post-88352,Groupes Facebook : de nouveaux outils de gestion pour les administrateurs,2021-11-05,https://www.blogdumoderateur.com/groupes-facebook-nouveaux-outils-administrateurs/,https://f.hellowork.com/blogdumoderateur/2021/11/facebook-personnaliser-groupes-1-1-276x144.jpg,Facebook
post-87540,Facebook : 8 astuces pour augmenter la visibilité de vos publications,2021-11-04,https://www.blogdumoderateur.com/facebook-astuces-augmenter-visibilite-publications/,https://f.hellowork.com/blogdumoderateur/2021/10/facebook-booster-visibilite-posts-276x144.jpg,Facebook
post-88151,Facebook met fin à la reconnaissance faciale pour les photos : quel impact pour les utilisateurs ?,2021-11-03,https://www.blogdumoderateur.com/facebook-fin-reconnaissance-faciale-photos-impact-utilisateurs/,https://f.hellowork.com/blogdumoderateur/2021/11/facebook-fin-reconnaissance-faciale-276x144.jpg,Facebook
post-87917,Facebook devient Meta : la course au metaverse est lancée,2021-10-29,https://www.blogdumoderateur.com/facebook-devient-meta-course-metaverse-lancee/,https://f.hellowork.com/blogdumoderateur/2021/10/facebook-meta-metaverse-276x144.jpg,Facebook
post-87576,Facebook Papers : ce qu’il faut savoir sur la polémique,2021-10-26,https://www.blogdumoderateur.com/facebook-papers-polemique/,https://f.hellowork.com/blogdumoderateur/2021/10/facebook-papers-276x144.jpg,Facebook
post-87286,"Facebook News sera lancé en France en janvier 2022, certains médias seront rémunérés",2021-10-21,https://www.blogdumoderateur.com/facebook-news-lancement-france-janvier-2022-medias-remuneres/,https://f.hellowork.com/blogdumoderateur/2021/10/facebook-mobile-clavier-276x144.jpg,Facebook
post-86679,Facebook modifie la mesure des publicités : quel impact pour les annonceurs ?,2021-10-13,https://www.blogdumoderateur.com/facebook-modifie-mesure-publicites-impact-annonceurs/,https://f.hellowork.com/blogdumoderateur/2021/10/accounts-center-facebook-276x144.jpg,Social Ads
post-86395,"Comment supprimer un avis sur Google, Facebook, TripAdvisor",2021-10-12,https://www.blogdumoderateur.com/comment-supprimer-avis-google-facebook-tripadvisor/,https://f.hellowork.com/blogdumoderateur/2021/10/comment-supprimer-avis-clients-google-facebook-tripadvisor-1-276x144.jpeg,Stratégie digitale
post-86519,Facebook lance les Live Audio Rooms en France et dans le monde entier,2021-10-11,https://www.blogdumoderateur.com/facebook-live-audio-rooms-france/,https://f.hellowork.com/blogdumoderateur/2021/10/facebook-live-audio-rooms-monde-entier-276x144.jpg,Facebook
post-86051,Facebook explique l’origine de la panne mondiale sur ses applications,2021-10-05,https://www.blogdumoderateur.com/facebook-explique-origine-panne-mondiale-applications/,https://f.hellowork.com/blogdumoderateur/2021/10/facebook-down-276x144.jpeg,Facebook
post-86037,"Pannes sur Facebook, Instagram et WhatsApp : ce qu’il faut savoir",2021-10-04,https://www.blogdumoderateur.com/pannes-facebook-instagram-whatsapp/,https://f.hellowork.com/blogdumoderateur/2021/10/pannes-facebook-instagram-whatsapp-276x144.jpg,Facebook
post-85921,Facebook Messenger et Instagram : la fusion des discussions de groupe est en cours,2021-10-01,https://www.blogdumoderateur.com/facebook-messenger-instagram-fusion-discussions-groupe-en-cours/,https://f.hellowork.com/blogdumoderateur/2021/10/instagram-messenger-fusion-276x144.jpg,Facebook
post-85850,Les Reels d’Instagram seront désormais visibles sur Facebook,2021-09-30,https://www.blogdumoderateur.com/reels-instagram-sur-facebook/,https://f.hellowork.com/blogdumoderateur/2021/09/reels-facebook-276x144.jpg,Facebook
post-85669,Pourquoi Facebook suspend son projet Instagram Kids,2021-09-28,https://www.blogdumoderateur.com/pourquoi-facebook-suspend-instagram-kids/,https://f.hellowork.com/blogdumoderateur/2021/09/instagram-kids-stop-276x144.jpeg,Instagram
post-85457,Microsoft présente la Surface Pro 8 : nouveau design et un écran plus grand à 120 Hz,2021-09-23,https://www.blogdumoderateur.com/microsoft-presente-surface-pro-8-nouveau-design-ecran-plus-grand-120-hz/,https://f.hellowork.com/blogdumoderateur/2021/09/windows-surface-pro-8-276x144.jpg,Microsoft
post-85367,Facebook : des Community Awards dans les groupes pour développer l’engagement,2021-09-22,https://www.blogdumoderateur.com/facebook-community-awards-groupes-developper-engagement/,https://f.hellowork.com/blogdumoderateur/2021/09/facebook-like-276x144.jpg,Facebook
post-83346,Facebook Creator Studio : 12 astuces pour les community managers,2021-09-22,https://www.blogdumoderateur.com/facebook-creator-studio-astuces-community-managers/,https://f.hellowork.com/blogdumoderateur/2021/09/facebook-creator-studio-astuces-community-managers-1-276x144.jpg,Community management
post-84998,Facebook : de nouveaux outils pour faciliter la communication des entreprises,2021-09-17,https://www.blogdumoderateur.com/facebook-nouveaux-outils-faciliter-communication-entreprises/,https://f.hellowork.com/blogdumoderateur/2021/09/facebook-annonces-multiplateformes-276x144.jpg,Facebook
post-84384,Facebook commercialise les lunettes connectées « Ray-Ban Stories »,2021-09-10,https://www.blogdumoderateur.com/facebook-commercialise-lunettes-connectees-ray-ban-stories/,https://f.hellowork.com/blogdumoderateur/2021/09/lunettes-facebook-stories-rayban-276x144.jpg,Facebook
post-84264,"Twitter lance les « communautés », similaires aux groupes Facebook",2021-09-09,https://www.blogdumoderateur.com/twitter-lance-communautes-similaires-groupes-facebook/,https://f.hellowork.com/blogdumoderateur/2021/09/twitter-communautes-276x144.jpg,X (Twitter)
post-84160,"Comment récupérer votre compte Facebook : piraté, bloqué, oubli de mot de passe…",2021-09-08,https://www.blogdumoderateur.com/comment-recuperer-compte-facebook/,https://f.hellowork.com/blogdumoderateur/2021/09/facebook-recuperer-son-compte-276x144.jpg,Facebook
post-83542,TikTok lance une option pour promouvoir des posts comme le « boost » de Facebook,2021-08-30,https://www.blogdumoderateur.com/tiktok-lance-option-promouvoir-posts/,https://f.hellowork.com/blogdumoderateur/2021/08/tiktok-outil-promouvoir-276x144.jpg,TikTok
post-83344,Facebook Messenger fête ses 10 ans : retour sur 10 dates clés,2021-08-26,https://www.blogdumoderateur.com/facebook-messenger-fete-10-ans-dates-cles/,https://f.hellowork.com/blogdumoderateur/2021/08/Messenger-10-ans-e1629962547486-276x144.jpg,Facebook
post-83170,Facebook teste les appels vocaux et vidéo dans son application principale,2021-08-24,https://www.blogdumoderateur.com/facebook-teste-appels-vocaux-video-application-principale/,https://f.hellowork.com/blogdumoderateur/2021/04/facebook-transfert-publication-wordpress-276x144.jpg,Facebook
post-83026,Facebook accusé d’abus de position dominante : la FTC dépose une nouvelle plainte,2021-08-20,https://www.blogdumoderateur.com/facebook-accuse-abus-position-dominante-ftc-depose-nouvelle-plainte/,https://f.hellowork.com/blogdumoderateur/2021/08/facebook-instagram-whatsapp-276x144.jpg,Facebook
post-82629,"Face à Apple et Google, un projet de loi veut redonner du pouvoir aux éditeurs d’applications",2021-08-12,https://www.blogdumoderateur.com/apple-google-projet-loi-redonner-pouvoir-editeurs-applications/,https://f.hellowork.com/blogdumoderateur/2021/08/apple-google-projet-de-loi-apps-276x144.jpg,Apple
post-82186,"Non, Facebook ne va pas lire vos messages privés sur WhatsApp",2021-08-04,https://www.blogdumoderateur.com/non-facebook-lire-messages-prives-whatsapp/,https://f.hellowork.com/blogdumoderateur/2021/08/whatsapp-mobile-lumiere-276x144.jpg,WhatsApp
post-75057,Facebook Messenger : une nouvelle barre de recherche pour les emojis,2021-07-23,https://www.blogdumoderateur.com/facebook-messenger-barre-de-recherche-emojis/,https://f.hellowork.com/blogdumoderateur/2021/07/messenger-barre-recherche-emojis-reaction-recente-e1627027285334-276x144.jpg,Facebook
post-74727,Étude sur les tendances et enjeux pour les PME face au digital en 2021,2021-07-22,https://www.blogdumoderateur.com/tendances-enjeux-pme-digital-2021/,https://f.hellowork.com/blogdumoderateur/2021/07/tendances-pme-digital-2021-276x144.jpg,Transformation digitale
post-74521,"Découvrez les prochains emojis : cœur avec les doigts, visage fondant, troll, boule à facettes…",2021-07-15,https://www.blogdumoderateur.com/decouvrez-les-prochains-emojis-coeur-avec-les-doigts-visage-fondant-troll/,https://f.hellowork.com/blogdumoderateur/2021/07/emojis-2021-2022-276x144.jpg,Culture web
post-74492,"Facebook lance Soundmojis, des emojis sonores sur Messenger",2021-07-15,https://www.blogdumoderateur.com/facebook-messenger-lance-soundmojis/,https://f.hellowork.com/blogdumoderateur/2021/07/soundmojis-cover-276x144.jpg,Facebook
post-74454,Facebook : les administrateurs peuvent désigner des experts de groupe,2021-07-15,https://www.blogdumoderateur.com/facebook-administrateurs-experts-groupe/,https://f.hellowork.com/blogdumoderateur/2021/07/facebook-groupes-administrateurs-experts-276x144.jpg,Facebook
post-74203,Microsoft Office : accédez à la nouvelle interface dès aujourd’hui,2021-07-08,https://www.blogdumoderateur.com/microsoft-office-nouvelle-interface-aujourdhui/,https://f.hellowork.com/blogdumoderateur/2021/07/Microsoft-Office-nouveau-look-276x144.jpg,Microsoft
post-73937,Facebook : comment publier un post en plusieurs langues,2021-07-06,https://www.blogdumoderateur.com/facebook-comment-publier-post-plusieurs-langues/,https://f.hellowork.com/blogdumoderateur/2021/07/Facebook-publication-plusieurs-langues-276x144.jpg,Facebook
post-73939,Vol d’identifiants Facebook : Google Play supprime 9 applications populaires,2021-07-05,https://www.blogdumoderateur.com/vol-identifiants-facebook-google-play-supprime-9-applications-populaires/,https://f.hellowork.com/blogdumoderateur/2021/07/Google-Play-supprime-9-applications-276x144.jpg,Google
post-73681,"Facebook présente Bulletin, son nouveau service de newsletter",2021-06-30,https://www.blogdumoderateur.com/facebook-presente-bulletin-nouveau-service-newsletter/,https://f.hellowork.com/blogdumoderateur/2021/06/Facebook-Bulletin-Newsletter-276x144.jpg,Facebook
post-73582,Facebook Messenger : vous pouvez de nouveau modifier vos photos avant de les envoyer,2021-06-29,https://www.blogdumoderateur.com/facebook-messenger-modifier-photos-avant-envoyer/,https://f.hellowork.com/blogdumoderateur/2020/12/facebook-messagerie-276x144.jpeg,Facebook
post-73335,Microsoft présente Windows 11 : découvrez la nouvelle interface,2021-06-24,https://www.blogdumoderateur.com/windows-11-decouvrez-interface/,https://f.hellowork.com/blogdumoderateur/2021/06/windows-11-menu-demarrer-276x144.jpg,Microsoft
post-73194,E-commerce : Facebook renforce l’expérience d’achat sur ses plateformes,2021-06-23,https://www.blogdumoderateur.com/e-commerce-facebook-renforce-experience-achat-plateformes/,https://f.hellowork.com/blogdumoderateur/2021/06/Facebook-shops-instagram-Whatsapp-276x144.jpg,Facebook
post-72974,Facebook lance les Live Audio Rooms et les podcasts,2021-06-21,https://www.blogdumoderateur.com/facebook-live-audio-rooms-podcasts/,https://f.hellowork.com/blogdumoderateur/2021/06/Facebook-lancement-salles-audio-podcasts-e1624274003202-276x144.jpg,Facebook
post-72632,Des podcasts sur Facebook dès la semaine prochaine ?,2021-06-17,https://www.blogdumoderateur.com/podcasts-facebook-semaine-prochaine/,https://f.hellowork.com/blogdumoderateur/2021/06/Facebook-podcasts-276x144.jpg,Facebook
post-72600,Groupes Facebook : de nouveaux outils de gestion et de modération,2021-06-17,https://www.blogdumoderateur.com/groupes-facebook-nouveaux-outils-gestion-moderation/,https://f.hellowork.com/blogdumoderateur/2021/06/Facebook-nouveautes-gestion-moderation-pages-276x144.jpg,Facebook
post-72560,Windows 11 : une nouvelle interface avec un menu Démarrer centré et un écran de widgets,2021-06-16,https://www.blogdumoderateur.com/windows-11-nouvelle-interface-menu-demarrer-centre-ecran-widgets/,https://f.hellowork.com/blogdumoderateur/2021/06/windows-11-276x144.jpg,Microsoft
post-72212,"Facebook Messenger : nouveaux thèmes, barre de réponse rapide et QR code pour les paiements",2021-06-11,https://www.blogdumoderateur.com/facebook-messenger-nouveaux-themes-barre-reponse-rapide-qr-code-paiements/,https://f.hellowork.com/blogdumoderateur/2021/06/Facebook-Messenger-Fonctionnalites-1-276x144.jpg,Facebook
post-71799,"FaceTime sur Android et Windows : participer à un appel visio, c’est pour bientôt",2021-06-08,https://www.blogdumoderateur.com/facetime-android-windows-participer-appel-visio-bientot/,https://f.hellowork.com/blogdumoderateur/2021/06/FaceTime-nouveautes-ios-15-276x144.jpg,Apple
post-71279,Mozilla Firefox 89 est disponible : découvrez la nouvelle interface utilisateur,2021-06-02,https://www.blogdumoderateur.com/mozilla-firefox-89-nouvelle-interface-utilisateur/,https://f.hellowork.com/blogdumoderateur/2021/06/mozilla-firefox-89-nouveautes-276x144.jpg,Navigateurs
post-70817,Facebook va pénaliser les profils et les pages qui partagent de fausses informations,2021-05-27,https://www.blogdumoderateur.com/facebook-penaliser-profils-pages-partagent-fausses-informations/,https://f.hellowork.com/blogdumoderateur/2021/05/facebook-sanctions-fake-news-276x144.jpg,Facebook
post-70779,Vous pouvez enfin masquer le nombre de likes sur Instagram et sur Facebook,2021-05-26,https://www.blogdumoderateur.com/masquer-nombre-likes-instagram-facebook/,https://f.hellowork.com/blogdumoderateur/2021/05/instagram-masquer-likes-276x144.jpg,Instagram
post-69753,Facebook veut encourager à lire les articles avant de les partager,2021-05-11,https://www.blogdumoderateur.com/facebook-veut-encourager-lire-article-avant-partager/,https://f.hellowork.com/blogdumoderateur/2021/05/facebook-avert-276x144.jpg,Facebook
post-69510,Facebook ajoute 5 nouveautés sur Messenger et Instagram Direct,2021-05-07,https://www.blogdumoderateur.com/facebook-ajoute-5-nouveautes-messenger-instagram-direct/,https://f.hellowork.com/blogdumoderateur/2021/05/reponses-visuelles-Instagram-276x144.jpg,Facebook
post-69432,Donald Trump reste banni de Facebook mais lance sa propre plateforme,2021-05-06,https://www.blogdumoderateur.com/donald-trump-reste-banni-facebook-lance-propre-plateforme/,https://f.hellowork.com/blogdumoderateur/2021/01/suspension-compte-trump-276x144.jpg,Facebook
post-67368,Quelles tendances pour les PME face au digital en 2021 ?,2021-04-26,https://www.blogdumoderateur.com/tendances-pme-digital-2021/,https://f.hellowork.com/blogdumoderateur/2021/04/rapport-tendances-276x144.jpg,Transformation digitale
post-68577,Facebook teste les publicités dans Instagram Reels,2021-04-23,https://www.blogdumoderateur.com/facebook-publicites-reels/,https://f.hellowork.com/blogdumoderateur/2021/04/Reels-ads-instagram-276x144.jpg,Facebook
post-68518,Facebook va interroger les utilisateurs pour modifier l’algorithme du fil d’actualité,2021-04-22,https://www.blogdumoderateur.com/facebook-va-interroger-utilisateurs-modifier-algorithme-fil-actualite/,https://f.hellowork.com/blogdumoderateur/2021/04/facebook-satisfaction-276x144.jpeg,Facebook
post-68429,Facebook prépare les annonceurs à l’App Tracking Transparency d’Apple,2021-04-22,https://www.blogdumoderateur.com/facebook-prepare-annonceurs-app-tracking-transparency/,https://f.hellowork.com/blogdumoderateur/2021/04/facebook-app-tracking-transparency-276x144.jpg,Facebook
post-68431,"Google Meet s’améliore : nouvelle interface, faible luminosité, Data Saver et arrière-plan en vidéo",2021-04-22,https://www.blogdumoderateur.com/google-meet-ameliore-interface-luminosite-data-saver-arriere-plan-video/,https://f.hellowork.com/blogdumoderateur/2021/04/google-meet-276x144.jpg,Google
post-68307,Facebook : transférez vos publications et notes vers WordPress ou Google Drive,2021-04-20,https://www.blogdumoderateur.com/facebook-transferez-publications-notes-wordpress-google-drive/,https://f.hellowork.com/blogdumoderateur/2021/04/facebook-transfert-publication-wordpress-276x144.jpg,Facebook
post-68293,Facebook présente son clone de Clubhouse et annonce l’arrivée des podcasts,2021-04-20,https://www.blogdumoderateur.com/facebook-presente-clone-clubhouse-arrivee-podcast/,https://f.hellowork.com/blogdumoderateur/2021/04/facebook-audio-nouveautes-276x144.jpg,Facebook
post-68133,"La planification des stories, bientôt sur Facebook Business Suite",2021-04-16,https://www.blogdumoderateur.com/la-planification-des-stories-bientot-sur-facebook-business-suite/,https://f.hellowork.com/blogdumoderateur/2021/04/FB-programmation-stories-276x144.jpg,Facebook
post-68025,Facebook Messenger : de nombreuses fonctionnalités sont disponibles à nouveau,2021-04-15,https://www.blogdumoderateur.com/facebook-messenger-fonctionnalites-disponibles-a-nouveau/,https://f.hellowork.com/blogdumoderateur/2021/04/facebook-messenger-fonctionnalites-276x144.jpg,Facebook
post-67948,Facebook : demandez la suppression d’un contenu auprès du conseil de surveillance,2021-04-14,https://www.blogdumoderateur.com/facebook-suppression-contenu-conseil-de-surveillance/,https://f.hellowork.com/blogdumoderateur/2021/04/facebook-home-surveillance-276x144.jpg,Facebook
